run_id,year,adoption_share
1,1,0.1115750620421857
1,2,0.23701132260335367
1,3,0.3701398539057179
1,4,0.5022959446045846
1,5,0.6241812900182875
1,6,0.7283756060144835
1,7,0.8111943273750531
1,8,0.8729117874808942
1,9,0.9165366780639614
1,10,0.9461531065077221
1,11,0.965683615563385
1,12,0.9783082115310251
1,13,0.9863610521887891
1,14,0.9914535151453433
1,15,0.9946561238232703
2,1,0.16653808555845392
2,2,0.33291357260742727
2,3,0.4881240264142341
2,4,0.6230037145178926
2,5,0.7324433558945558
2,6,0.8159298991378393
2,7,0.8764185015761986
2,8,0.9185144221911395
2,9,0.946952477302665
2,10,0.9657654620172932
2,11,0.9780344719786485
2,12,0.9859600346323709
2,13,0.9910480138757826
2,14,0.994301194920742
2,15,0.9963758420301424
3,1,0.1393731973387133
3,2,0.27863498005456866
3,3,0.4115375404420235
3,4,0.5325471378217781
3,5,0.6377807147852597
3,6,0.7254614856397279
3,7,0.7957936839635701
3,8,0.8504204855468179
3,9,0.8917498479235861
3,10,0.9223801240218585
3,11,0.9447261261185638
3,12,0.960837810722666
3,13,0.9723547240545923
3,14,0.9805359803477074
3,15,0.9863217413477577
4,1,0.18939926082971717
4,2,0.3757150060798571
4,3,0.5440472980837449
4,4,0.6833821612291167
4,5,0.7895593646658301
4,6,0.8649022137794723
4,7,0.9154443355058629
4,8,0.9479905973760783
4,9,0.9683710101072924
4,10,0.9809028198525118
4,11,0.9885204782076896
4,12,0.9931182110751646
4,13,0.9958812355183807
4,14,0.9975373416542509
4,15,0.9985284182628787
5,1,0.05180135685099459
5,2,0.11815155322153835
5,3,0.20038643616228188
5,4,0.2980221188664549
5,5,0.40778157661376063
5,6,0.5231840418053626
5,7,0.635403499372655
5,8,0.7355661946983965
5,9,0.8175043009698332
5,10,0.8792989983688154
5,11,0.9227862049974155
5,12,0.9517834948495828
5,13,0.9703815010841705
5,14,0.9819991638515337
5,15,0.9891332432055333
6,1,0.16775962656343127
6,2,0.3268287799574401
6,3,0.4704140852170493
6,4,0.5939678956248354
6,5,0.6956860407893941
6,6,0.7762348837092795
6,7,0.8379745550038893
6,8,0.884073236340627
6,9,0.9178007402694495
6,10,0.9421019073627568
6,11,0.9594147799097231
6,12,0.9716486021718596
6,13,0.9802430434984349
6,14,0.9862558246350553
6,15,0.9904502058591587
7,1,0.12100539942337987
7,2,0.2574187614767387
7,3,0.4012810472026984
7,4,0.54160727770216
7,5,0.6672175099093274
7,6,0.7702174362782268
7,7,0.8480244192938171
7,8,0.9028258699060111
7,9,0.9393707852439497
7,10,0.9627980019369174
7,11,0.9774191399851315
7,12,0.9863871528771512
7,13,0.9918280005307936
7,14,0.9951067860609695
7,15,0.9970745836598808
8,1,0.04405112002594381
8,2,0.10033817218966859
8,3,0.1703585930366804
8,4,0.2544858158483359
8,5,0.35119624643257435
8,6,0.4564844102284314
8,7,0.5639512704554601
8,8,0.6659447639404755
8,9,0.755551653686303
8,10,0.8284964269823479
8,11,0.8838856233421631
8,12,0.9235513370290127
8,13,0.9506877334363159
8,14,0.9686422182777729
8,15,0.9802490525946933
9,1,0.03995334088603306
9,2,0.09053525554649625
9,3,0.15311368396876135
9,4,0.22827691645858755
9,5,0.315256158182885
9,6,0.41141414173014873
9,7,0.5121069360121621
9,8,0.6112310753160917
9,9,0.7024983781539758
9,10,0.7809935015539597
9,11,0.8442568184311751
9,12,0.8923857871131167
9,13,0.9272922901539495
9,14,0.9516851553969602
9,15,0.9682700196129871
10,1,0.041878090874821076
10,2,0.09150329107981098
10,3,0.1492335383268488
10,4,0.21492507180817666
10,5,0.28775598522293727
10,6,0.3661133203399206
10,7,0.4476112860879743
10,8,0.5292909392478189
10,9,0.6079967296028075
10,10,0.6808479177805531
10,11,0.7456656223511744
10,12,0.801222782245275
10,13,0.8472589055228978
10,14,0.8842982078197967
10,15,0.913370329920839
11,1,0.10083588879692128
11,2,0.2242307602104427
11,3,0.3652443327874503
11,4,0.5129340749605064
11,5,0.6522255783951029
11,6,0.7691676621924322
11,7,0.856530544582706
11,8,0.9153534311187955
11,9,0.9518560055155426
11,10,0.9732517182541641
11,11,0.9853455171292513
11,12,0.9920352733459021
11,13,0.9956903951024659
11,14,0.9976738173765755
11,15,0.9987460686851141
12,1,0.05574831205880772
12,2,0.12441133497059548
12,3,0.20638076841911462
12,4,0.30047706909265964
12,5,0.403451662180994
12,6,0.509965413231981
12,7,0.6133482581266734
12,8,0.7070873169189181
12,9,0.7864578826517259
12,10,0.8494802900558404
12,11,0.8967903397868185
12,12,0.9307165378441951
12,13,0.9542062534834541
12,14,0.9700594804128538
12,15,0.9805689909892803
13,1,0.06164491474984742
13,2,0.1322861824716717
13,3,0.21116944189335582
13,4,0.29664702875518495
13,5,0.3861622413341411
13,6,0.47644049186992454
13,7,0.563897560650412
13,8,0.6451829143119924
13,9,0.7176977603157116
13,10,0.7799211914836114
13,11,0.831459096701511
13,12,0.8728494642200594
13,13,0.9052394024239186
13,14,0.9300574161780631
13,15,0.9487595384485527
14,1,0.12956333037044884
14,2,0.2681345759531646
14,3,0.4078416565582204
14,4,0.5398017311021439
14,5,0.6562448592069929
14,6,0.7523798851431356
14,7,0.8270743934463185
14,8,0.8821916497972904
14,9,0.9212263251636186
14,10,0.948030532601442
14,11,0.9660327207516011
14,12,0.9779388236813921
14,13,0.9857317140710322
14,14,0.9907972756299785
14,15,0.9940751115620097
15,1,0.04772997730308143
15,2,0.10630640502813388
15,3,0.17639598311251495
15,4,0.2576575458097619
15,5,0.3483204110958801
15,6,0.4449713080327722
15,7,0.5427780332647216
15,8,0.6362624352318876
15,9,0.7204517360233362
15,10,0.7919508277661089
15,11,0.8494582213618124
15,12,0.8935697109609887
15,13,0.9261113917461723
15,14,0.9493975722035899
15,15,0.9656853093066192
16,1,0.023288790917784886
16,2,0.05137341209963735
16,3,0.08490286135683967
16,4,0.12444791142010375
16,5,0.17040966448013195
16,6,0.22290700070497796
16,7,0.2816562160109135
16,8,0.3458680380959149
16,9,0.4141974382557644
16,10,0.48478305844968184
16,11,0.5553982374827615
16,12,0.6237029827206518
16,13,0.6875460075960429
16,14,0.7452388023189654
16,15,0.7957283046716805
17,1,0.09465128824839315
17,2,0.18904416385237427
17,3,0.2813675668609945
17,4,0.3699166451209468
17,5,0.4532195660582594
17,6,0.5301336446983685
17,7,0.5998977044522695
17,8,0.6621374643666418
17,9,0.716830278008801
17,10,0.7642419284458435
17,11,0.8048502382852426
17,12,0.8392685465361237
17,13,0.8681782239586165
17,14,0.8922750413537747
17,15,0.9122305552629838
18,1,0.05062256550276005
18,2,0.11009152838285458
18,3,0.17839860236374805
18,4,0.25478532361637374
18,5,0.33758356765987896
18,6,0.42420260326784087
18,7,0.5113350727843865
18,8,0.5953900474732688
18,9,0.6730603528159005
18,10,0.741849016285644
18,11,0.800380001195634
18,12,0.8484138400383199
18,13,0.8866179840485594
18,14,0.916221869021007
18,15,0.9386849909826919
19,1,0.1350145346385818
19,2,0.3152795083302265
19,3,0.5250684064690215
19,4,0.724738158435782
19,5,0.8703377290660659
19,6,0.9491841463749082
19,7,0.9822626251202373
19,8,0.9941276513025094
19,9,0.9980937020813884
19,10,0.9993852818794171
19,11,0.9998022052673516
19,12,0.9999364014161924
19,13,0.9999795552579941
19,14,0.9999934282030946
19,15,0.9999978875986112
20,1,0.03828124321623757
20,2,0.07974214165898708
20,3,0.12422965246994852
20,4,0.1714822821338579
20,5,0.22112494705893745
20,6,0.272671631723286
20,7,0.3255372556394861
20,8,0.3790591218586703
20,9,0.4325269480302747
20,10,0.48521902301995007
20,11,0.5364408248802982
20,12,0.5855618105398177
20,13,0.6320462510367486
20,14,0.6754749340737161
20,15,0.7155560604982305
21,1,0.02629475890161132
21,2,0.05736536132366906
21,3,0.09369862731786402
21,4,0.13566298177692754
21,5,0.18342953540643459
21,6,0.23688528087327465
21,7,0.29555239470360845
21,8,0.3585343006839073
21,9,0.4245122863434187
21,10,0.4918119952803865
21,11,0.5585445757259397
21,12,0.6228048646760218
21,13,0.6828869785928207
21,14,0.737467299076343
21,15,0.7857132517534205
22,1,0.16730156153639572
22,2,0.323030526132001
22,3,0.46205916886678844
22,4,0.5813491613853521
22,5,0.6800715284937748
22,6,0.7592361333322887
22,7,0.8210580022211047
22,8,0.86830929630198
22,9,0.9038167460926372
22,10,0.9301528744286331
22,11,0.9494946315188467
22,12,0.9635954733083363
22,13,0.9738199258321701
22,14,0.9812043175518488
22,15,0.9865222127423249
23,1,0.07983639959838837
23,2,0.1760343642385669
23,3,0.2867061790907387
23,4,0.4069440573148556
23,5,0.5289823376266045
23,6,0.6436975030856791
23,7,0.7431236735487762
23,8,0.822709251480635
23,9,0.8820043180104498
23,10,0.9236334082653036
23,11,0.951559549009379
23,12,0.969692165063871
23,13,0.9812073152454196
23,14,0.9884143748634268
23,15,0.9928833434927138
24,1,0.04313816701319895
24,2,0.09922083535535262
24,3,0.17013636146296596
24,4,0.2565774300003332
24,5,0.35706423398816767
24,6,0.46714165187489803
24,7,0.5794113691363546
24,8,0.6849633282695587
24,9,0.775952858634596
24,10,0.8479746749231699
24,11,0.9007717365430759
24,12,0.9371119615974888
24,13,0.9609630769251414
24,14,0.9761023025320095
24,15,0.9855000307468967
25,1,0.19886007589474528
25,2,0.3813572056875709
25,3,0.5387105765598652
25,4,0.6666028503798456
25,5,0.7652415736124037
25,6,0.8380666317763473
25,7,0.8900164360081166
25,8,0.9261316435272534
25,9,0.9507759273261903
25,10,0.967374798287691
25,11,0.9784551581389699
25,12,0.9858070795990247
25,13,0.9906654287575796
25,14,0.9938673255953336
25,15,0.9959737814955498
26,1,0.1308626567066738
26,2,0.2787147337498175
26,3,0.433401814835891
26,4,0.5812030141102169
26,5,0.7090151020629823
26,6,0.8089755735031079
26,7,0.8803244843577472
26,8,0.9275851985554662
26,9,0.9572088268494735
26,10,0.9750941599127609
26,11,0.9856376074474603
26,12,0.9917630923225544
26,13,0.9952912236050867
26,14,0.9973131262543304
26,15,0.9984684730827669
27,1,0.06885689404707979
27,2,0.14568527423246688
27,3,0.2291887047654792
27,4,0.3172925262988481
27,5,0.4072523595022892
27,6,0.4959311619613498
27,7,0.5802061524844224
27,8,0.6574059797183174
27,9,0.7256529195901356
27,10,0.7840170685950187
27,11,0.8324643570806504
27,12,0.8716537568422796
27,13,0.9026734023184058
27,14,0.9267946066560276
27,15,0.9452877870022794
28,1,0.1395477728427417
28,2,0.27755628232015145
28,3,0.40832124147549465
28,4,0.5269733973489676
28,5,0.6302146124783883
28,6,0.7166248850032275
28,7,0.7865003941950781
28,8,0.8413740007603782
28,9,0.8834440978558931
28,10,0.9150889378567437
28,11,0.9385435582139969
28,12,0.9557347024187407
28,13,0.9682306452640335
28,14,0.9772583202290371
28,15,0.9837513283865275
29,1,0.057150507043577714
29,2,0.1288141344995662
29,3,0.21563053340738864
29,4,0.3162639367257224
29,5,0.426689208285167
29,6,0.5401691631871133
29,7,0.6484046052277034
29,8,0.7437198735100542
29,9,0.8212556801393847
29,10,0.8799064047394123
29,11,0.9216363299527136
29,12,0.9499449922772082
29,13,0.9684947678090161
29,14,0.9803630522486605
29,15,0.9878373525289638
30,1,0.05490862228227074
30,2,0.12726053377792446
30,3,0.21896716635490265
30,4,0.32927471300799643
30,5,0.453171021768384
30,6,0.5808906046519552
30,7,0.6998822306641835
30,8,0.7991689846292269
30,9,0.873470071420201
30,10,0.9239884360724181
30,11,0.955850678866541
30,12,0.9749115935214433
30,13,0.9859317236087415
30,14,0.9921723604355365
30,15,0.9956639313183391
31,1,0.03627430257484642
31,2,0.08404730007106848
31,3,0.14549217197121597
31,4,0.22206162555769493
31,5,0.3136048267384306
31,6,0.41740874461315824
31,7,0.5276823914747697
31,8,0.6361754840704927
31,9,0.734216492775133
31,10,0.8153898720780375
31,11,0.8772650743843993
31,12,0.921185535789934
31,13,0.9506580291401511
31,14,0.9696424179681836
31,15,0.981533796204013
32,1,0.12378763363930884
32,2,0.264216106548693
32,3,0.41258813282358153
32,4,0.5567252602389394
32,5,0.6843234671266867
32,6,0.787062448758525
32,7,0.862811468397907
32,8,0.9146764973806761
32,9,0.9482377397210077
32,10,0.9691099166669754
32,11,0.9817557778145463
32,12,0.9892926350169295
32,13,0.9937397287934536
32,14,0.9963480139019825
32,15,0.997872387846729
33,1,0.05434610198815817
33,2,0.12266629802448903
33,3,0.20579338719954599
33,4,0.302789774318104
33,5,0.4102148049555017
33,6,0.5219565896692875
33,7,0.6301220951445781
33,8,0.7269910683431285
33,9,0.8072013562054143
33,10,0.8689394285839702
33,11,0.9135728444498729
33,12,0.9442766876589896
33,13,0.9646363181206045
33,14,0.9777942983590554
33,15,0.9861527472317673
34,1,0.0438586688387895
34,2,0.11396668439536853
34,3,0.2206663946891774
34,4,0.3703820637098233
34,5,0.5546647049765947
34,6,0.7401445549861144
34,7,0.8807534666460628
34,8,0.9565428146753743
34,9,0.9863755442350007
34,10,0.9960016015479537
34,11,0.9988524390186772
34,12,0.999672841952262
34,13,0.9999069108623062
34,14,0.9999735271728561
34,15,0.9999924728028985
35,1,0.043357916606642725
35,2,0.09192412090267961
35,3,0.14556132417162465
35,4,0.2038622050992091
35,5,0.2661170172836865
35,6,0.3313113515563014
35,7,0.3981640825160849
35,8,0.4652088249610777
35,9,0.5309120257599759
35,10,0.5938100279456948
35,11,0.6526403076313841
35,12,0.7064421319542291
35,13,0.7546097384755627
35,14,0.7968938023060035
35,15,0.8333593835519681
36,1,0.09259499284791002
36,2,0.18404695706403473
36,3,0.2728814341696033
36,4,0.3577569213908871
36,5,0.43754592512956525
36,6,0.5113913148713695
36,7,0.5787324751295604
36,8,0.6393014371603392
36,9,0.6930940744803828
36,10,0.7403244434138457
36,11,0.781371110853909
36,12,0.816723227257358
36,13,0.8469319549995725
36,14,0.8725704514092536
36,15,0.8942035082982982
37,1,0.041928729176715696
37,2,0.09303848147309021
37,3,0.15404470154920616
37,4,0.22500109454980644
37,5,0.30498070756261814
37,6,0.39184366535266213
37,7,0.48223588222991354
37,8,0.571937607032152
37,9,0.656554955429515
37,10,0.7323593713227552
37,11,0.796957204106442
37,12,0.8495353846422463
37,13,0.8906526983411135
37,14,0.9217582666472925
37,15,0.944678109231786
38,1,0.06241403714871744
38,2,0.12794257170992399
38,3,0.1957367020663282
38,4,0.26479202650507
38,5,0.3339999577441263
38,6,0.4022145605207168
38,7,0.4683271415845103
38,8,0.5313386418872851
38,9,0.5904198628121651
38,10,0.6449518506909134
38,11,0.6945427214504974
38,12,0.7390216398405471
38,13,0.7784143374222436
38,14,0.8129066480728186
38,15,0.8428028880229516
39,1,0.20076015348646
39,2,0.43604384239765126
39,3,0.6639433238168544
39,4,0.835462978169051
39,5,0.9326018496352431
39,6,0.9754453405523145
39,7,0.991544788194843
39,8,0.9971519929021061
39,9,0.9990481402191056
39,10,0.9996827115054074
39,11,0.9998943304304125
39,12,0.9999648182983735
39,13,0.9999882877357368
39,14,0.9999961010236035
39,15,0.9999987020570741
40,1,0.0901004667505071
40,2,0.17557543451802662
40,3,0.2560230252134057
40,4,0.3311702822678251
40,5,0.4008682986319877
40,6,0.4650821382233253
40,7,0.5238769900928335
40,8,0.5774020531601087
40,9,0.6258735402029882
40,10,0.6695579652916778
40,11,0.7087565951155707
40,12,0.7437916507091541
40,13,0.7749945779397163
40,14,0.8026964841797426
40,15,0.8272206733091532
41,1,0.25505777393984075
41,2,0.5497039560105879
41,3,0.8008804620601581
41,4,0.9394948601051328
41,5,0.9862337147960588
41,6,0.9972222182436921
41,7,0.9994563056908227
41,8,0.9998942518568665
41,9,0.9999794575699391
41,10,0.9999960104311908
41,11,0.9999992252176544
41,12,0.9999998495370706
41,13,0.9999999707801124
41,14,0.9999999943255024
41,15,0.9999999988980135
42,1,0.030849255541275322
42,2,0.06997365908676663
42,3,0.11874808802241768
42,4,0.17822962238990536
42,5,0.24878147771627815
42,6,0.32963273223241263
42,7,0.418509137279286
42,8,0.5115518726830615
42,9,0.6037325603190965
42,10,0.6897898972419693
42,11,0.7653969024012012
42,12,0.8280504259194934
42,13,0.8772963666927692
42,14,0.9143032403757758
42,15,0.9411277347723997
43,1,0.24132894364886592
43,2,0.4657262568466878
43,3,0.65080115892726
43,4,0.7863464095966516
43,5,0.8758121301507302
43,6,0.9303215296250921
43,7,0.9617622086644274
43,8,0.9792873038053238
43,9,0.9888622170818809
43,10,0.9940349702047714
43,11,0.9968122880026622
43,12,0.9982984841199479
43,13,0.999092346615551
43,14,0.9995159856791347
43,15,0.9997419412775576
44,1,0.10772714914825292
44,2,0.2206002532583133
44,3,0.33452585521727063
44,4,0.4450109736466283
44,5,0.547838673813689
44,6,0.6397171710745077
44,7,0.7186947942466088
44,8,0.7842314313430998
44,9,0.8369640684270342
44,10,0.8783073885931054
44,11,0.9100434785549834
44,12,0.9340006617622826
44,13,0.9518531249269038
44,14,0.9650263848895662
44,15,0.974675654341884
45,1,0.12897886772308573
45,2,0.2663190957254135
45,3,0.4044243272757147
45,4,0.5348346453384566
45,5,0.6501873045210539
45,6,0.7459130423409506
45,7,0.8208554753244173
45,8,0.8766810314501602
45,9,0.9166418594455764
45,10,0.9443947790385006
45,11,0.9632511254395065
45,12,0.975867260365956
45,13,0.984219935801152
45,14,0.989710961970935
45,15,0.9933038337371537
46,1,0.07511325136713876
46,2,0.16871484088400562
46,3,0.27987024927935683
46,4,0.4039660086814869
46,5,0.5323683808123945
46,6,0.6539654965517646
46,7,0.7585590818264926
46,8,0.8403093556073927
46,9,0.8989140103370525
46,10,0.9380691184572393
46,11,0.9628999836287077
46,12,0.9780950234716767
46,13,0.9871822485290687
46,14,0.9925401185844384
46,15,0.9956722610517832
47,1,0.1123896987556473
47,2,0.2531008754977583
47,3,0.4146499918589778
47,4,0.5800772176462654
47,5,0.727270210242805
47,6,0.8393484790361873
47,7,0.9127598646399304
47,8,0.9552543057440256
47,9,0.9778303996614953
47,10,0.9892213673296036
47,11,0.9948099426273852
47,12,0.9975128243895004
47,13,0.9988108572180047
47,14,0.9994320929618612
47,15,0.9997289255917352
48,1,0.09997818891295332
48,2,0.20033723656214159
48,3,0.2987600747117046
48,4,0.3930279229335472
48,5,0.48122151143212216
48,6,0.5618765730386229
48,7,0.6340670374999146
48,8,0.6974088443606357
48,9,0.7519966287729324
48,10,0.7982978687295648
48,11,0.8370318019955294
48,12,0.869055377494566
48,13,0.8952698161623872
48,14,0.9165528549055609
48,15,0.9337156046949945
49,1,0.13509191725889166
49,2,0.2914225594315627
49,3,0.4569339037870741
49,4,0.6141622031432828
49,5,0.746372347869452
49,6,0.8446124154943908
49,7,0.9099593357807414
49,8,0.9498137136081517
49,9,0.9727034690648236
49,10,0.9853644670264655
49,11,0.9922155171206488
49,12,0.995877541437011
49,13,0.9978219558554374
49,14,0.9988506916945461
49,15,0.9993939336517729
50,1,0.14665673846649702
50,2,0.31689437174134116
50,3,0.4950680655153865
50,4,0.6591821270965967
50,5,0.7901072854546937
50,6,0.8806382614484388
50,7,0.9360146072069615
50,8,0.9669763967780837
50,9,0.9833245155822397
50,10,0.9916778232859782
50,11,0.9958717260200393
50,12,0.997958378627707
50,13,0.9989918591906142
50,14,0.9995025612854296
50,15,0.9997546443913812
51,1,0.10270157028325076
51,2,0.21459498522914308
51,3,0.3313595788578873
51,4,0.4474884305568811
51,5,0.5571918005164728
51,6,0.6555184834418752
51,7,0.7392668298962047
51,8,0.8073320485519526
51,9,0.8604376537729352
51,10,0.9004931716727909
51,11,0.9299061944556385
51,12,0.9510666927710861
51,13,0.9660608796307075
51,14,0.9765695391924161
51,15,0.9838771158355829
52,1,0.028267813149666563
52,2,0.061615849641417655
52,3,0.10051732130668009
52,4,0.14529546805497462
52,5,0.1960360576971825
52,6,0.25249565844114785
52,7,0.3140234174977313
52,8,0.3795204917779072
52,9,0.44746222728729534
52,10,0.5159994086898556
52,11,0.5831351899341005
52,12,0.6469486792223322
52,13,0.7058157308733617
52,14,0.7585740308072898
52,15,0.8045970049525203
53,1,0.1380349552648597
53,2,0.291781321156217
53,3,0.449919698480927
53,4,0.5981645011727175
53,5,0.7238635461437803
53,6,0.8203843117503841
53,7,0.8882327796797271
53,8,0.9326677416403054
53,9,0.9603110305857127
53,10,0.9769259254906048
53,11,0.986697385684459
53,12,0.9923687867696395
53,13,0.9956349037069459
53,14,0.9975073064274546
53,15,0.998577908031766
54,1,0.11553534997459096
54,2,0.24223665646734693
54,3,0.37382020000043104
54,4,0.5023209502919103
54,5,0.6197935167587412
54,6,0.7202524978186088
54,7,0.8009098599283108
54,8,0.8621642213147275
54,9,0.9065978251304159
54,10,0.9377031552827353
54,11,0.9589144736756576
54,12,0.9731126612837964
54,13,0.9824958717290241
54,14,0.988643907937815
54,15,0.9926492969531175
55,1,0.09094154357043362
55,2,0.19406335820410756
55,3,0.3060463368110943
55,4,0.4216931664974117
55,5,0.5346117036938682
55,6,0.6384817918248908
55,7,0.7284581922370889
55,8,0.8020847409436047
55,9,0.8593526739710299
55,10,0.9020422847613107
55,11,0.9328091029453308
55,12,0.9544239798395924
55,13,0.969329182991237
55,14,0.9794728693092076
55,15,0.9863132666340082
56,1,0.2761541466695459
56,2,0.5894730693253145
56,3,0.8401574698844712
56,4,0.9605008578385935
56,5,0.9929365246970946
56,6,0.9988668703843422
56,7,0.9998220353032579
56,8,0.9999721460490238
56,9,0.9999956428416915
56,10,0.9999993184733321
56,11,0.9999998934001538
56,12,0.9999999833263993
56,13,0.9999999973920332
56,14,0.9999999995920803
56,15,0.999999999936196
57,1,0.008732512205232237
57,2,0.019176697982654776
57,3,0.03162669676354451
57,4,0.046408853459091993
57,5,0.06387688660581943
57,6,0.08440245427727883
57,7,0.10835966079763587
57,8,0.13610212225569523
57,9,0.16793166497523457
57,10,0.20405876137727472
57,11,0.24455656704215784
57,12,0.28931291004690796
57,13,0.33798747898427606
57,14,0.38998397846253485
57,15,0.4444479395493043
58,1,0.033284870765054986
58,2,0.06841896304848713
58,3,0.10528409919001924
58,4,0.14372163725640383
58,5,0.18353264121767368
58,6,0.2244799019900626
58,7,0.2662919481390567
58,8,0.3086690344318465
58,9,0.3512909216754679
58,10,0.3938260827839957
58,11,0.43594181253356407
58,12,0.47731460672741416
58,13,0.5176401301097469
58,14,0.5566421212233716
58,15,0.5940796839886101
59,1,0.17323606049754484
59,2,0.32796100967860564
59,3,0.46207861245118176
59,4,0.5752231386524794
59,5,0.6684280880483892
59,6,0.7436632239399448
59,7,0.8033756175859241
59,8,0.850120985021508
59,9,0.8863156624015986
59,10,0.9140999684138844
59,11,0.9352854526948124
59,12,0.9513560498650024
59,13,0.9634985933028384
59,14,0.9726456912238736
59,15,0.9795206548166447
60,1,0.055985518775859104
60,2,0.12324110338024022
60,3,0.20177640329869476
60,4,0.29036259168185896
60,5,0.3862510023503507
60,6,0.48522247713597605
60,7,0.5821199114416631
60,8,0.6718140373991488
60,9,0.7502789456662707
60,10,0.8153243231952872
60,11,0.8667011136399464
60,12,0.905651409033598
60,13,0.934221908846695
60,14,0.9546529344237893
60,15,0.9689904862952605
61,1,0.04852404220694495
61,2,0.10650037885826778
61,3,0.1741912799346616
61,4,0.2510491587332925
61,5,0.3354743672656245
61,6,0.42472987539657486
61,7,0.515127740271068
61,8,0.6025294690906935
61,9,0.683060336359671
61,10,0.7538020579665995
61,11,0.8132079495703133
61,12,0.8611173139048016
61,13,0.8984402094545533
61,14,0.9267024104065787
61,15,0.9476295224899833
62,1,0.013976918564000173
62,2,0.03365948673238915
62,3,0.06109318937550008
62,4,0.09877702252573856
62,5,0.1494900668469598
62,6,0.21581769928539374
62,7,0.2992436820859743
62,8,0.398826322762628
62,9,0.5098912169184816
62,10,0.6237447834924175
62,11,0.7294922819847048
62,12,0.8177675109672861
62,13,0.8841237217543088
62,14,0.9296100149571951
62,15,0.9586119737997401
63,1,0.17364482158126104
63,2,0.354038803861631
63,3,0.5250198327289232
63,4,0.671628794100812
63,5,0.7853655875555776
63,6,0.8659857143649466
63,7,0.9191021402305976
63,8,0.9522709786557962
63,9,0.9722474272548298
63,10,0.9840055301000289
63,11,0.9908303696176679
63,12,0.9947591443711679
63,13,0.9970099107423044
63,14,0.998295781483813
63,15,0.9990292344455635
64,1,0.21116177403581485
64,2,0.41241383793813036
64,3,0.5869412303803623
64,4,0.7246385430988922
64,5,0.8243271046323118
64,6,0.8915716482615946
64,7,0.934594140234582
64,8,0.9611318977266029
64,9,0.9771169795448196
64,10,0.9866041151624876
64,11,0.9921844118481835
64,12,0.9954492156945899
64,13,0.9973533070215174
64,14,0.9984617576819675
64,15,0.9991063376416885
65,1,0.2522775747848554
65,2,0.4632658310064709
65,3,0.6281389972097285
65,4,0.7496324159945013
65,5,0.8350366228742807
65,6,0.8929777630885539
65,7,0.9313027358076027
65,8,0.9562154361370355
65,9,0.9722229450853247
65,10,0.982430849136272
65,11,0.9889086623671025
65,12,0.9930065955851881
65,13,0.9955938555179313
65,14,0.9972252911283136
65,15,0.9982532017187934
66,1,0.008685042685597406
66,2,0.020615886576679038
66,3,0.036910679553119746
66,4,0.058988202598785636
66,5,0.08857384164964864
66,6,0.1276313269764941
66,7,0.17815884218865483
66,8,0.2417786576246803
66,9,0.3190817586746291
66,10,0.40880876509240793
66,11,0.5071750014661042
66,12,0.6078749701451267
66,13,0.7032311393436381
66,14,0.7863152685436943
66,15,0.8529876464603141
67,1,0.06151151166777096
67,2,0.1348393942143136
67,3,0.2195816373079878
67,4,0.31389517700145797
67,5,0.414297504342015
67,6,0.5158986471042414
67,7,0.6131666915301655
67,8,0.701059129707318
67,9,0.7760818237192089
67,10,0.8368163477247412
67,11,0.8837557810095035
67,12,0.9186677013223288
67,13,0.9438617572627417
67,14,0.9616337337229244
67,15,0.9739638005085978
68,1,0.09036812775237706
68,2,0.21165418596747532
68,3,0.3622306140777745
68,4,0.5297071693223449
68,5,0.690654156523308
68,6,0.8201934680066614
68,7,0.9065625011431993
68,8,0.9552817471482152
68,9,0.9796341656170108
68,10,0.9909606909703926
68,11,0.9960366125745954
68,12,0.9982717732931413
68,13,0.9992482470687312
68,14,0.9996733476737311
68,15,0.9998581287755753
69,1,0.042542989003686686
69,2,0.09458097336449403
69,3,0.15686712408311212
69,4,0.22944339481555753
69,5,0.3112933162651551
69,6,0.40009386395304636
69,7,0.4922295372490319
69,8,0.5831988793327426
69,9,0.6683937515711569
69,10,0.7440153588162566
69,11,0.8077642672772126
69,12,0.8590386772690598
69,13,0.8986427812368046
69,14,0.9282339003645875
69,15,0.9497753141120938
70,1,0.05856342733906912
70,2,0.11872908560172155
70,3,0.1798888503502162
70,4,0.24138192264933217
70,5,0.3025217539956986
70,6,0.36262607406472047
70,7,0.4210473294914799
70,8,0.47720067798559096
70,9,0.5305869689982969
70,10,0.5808088311497889
70,11,0.6275789338848574
70,12,0.6707204995420961
70,13,0.7101610194700804
70,14,0.7459207356765717
70,15,0.7780977304437517
71,1,0.1070581761657263
71,2,0.23410610810621407
71,3,0.37509094348632266
71,4,0.5191091425708823
71,5,0.6527220081099643
71,6,0.764477088649187
71,7,0.8489285941789101
71,8,0.9072957388113326
71,9,0.9448926380807279
71,10,0.9679234780233394
71,11,0.9815721618097438
71,12,0.9894960263963006
71,13,0.9940400579699803
71,14,0.9966272460374448
71,15,0.9980942164750632
72,1,0.058374155068036206
72,2,0.12858312212305056
72,3,0.21052290184867298
72,4,0.30269639410534344
72,5,0.4019314015223829
72,6,0.5035017222368001
72,7,0.6018064995167762
72,8,0.6915021042139597
72,9,0.768666405101111
72,10,0.8314797030707779
72,11,0.8801728294776703
72,12,0.916414302766599
72,13,0.9425346418359224
72,14,0.9609086691543687
72,15,0.973606944208478
73,1,0.1713900670807316
73,2,0.36248051774330753
73,3,0.5516000242653519
73,4,0.7139213527165635
73,5,0.8335288391959284
73,6,0.9100097915274933
73,7,0.9537318424907724
73,8,0.9769104328071523
73,9,0.9886623676339326
73,10,0.994478943110266
73,11,0.9973225227120007
73,12,0.9987041685930865
73,13,0.9993734690004705
73,14,0.9996972188534831
73,15,0.9998537100321551
74,1,0.03356796297166203
74,2,0.07423505880698425
74,3,0.12273715671460576
74,4,0.17948712206069337
74,5,0.24437296269060155
74,6,0.31655981956250656
74,7,0.3943602231389196
74,8,0.4752518384567428
74,9,0.5561025107202491
74,10,0.6335963982447028
74,11,0.7047614402318846
74,12,0.7674319620682761
74,13,0.8204951131585349
74,14,0.8638665087161526
74,15,0.8982557702827524
75,1,0.019142888209150957
75,2,0.042369662981374616
75,3,0.07031831743492911
75,4,0.10360978273016008
75,5,0.14278219438571715
75,6,0.18820163005140472
75,7,0.2399536877875994
75,8,0.29772937841942587
75,9,0.3607299631818615
75,10,0.4276244934584875
75,11,0.49659414042209604
75,12,0.5654823060085051
75,13,0.6320381892460265
75,14,0.6942041381727496
75,15,0.7503730688184851
76,1,0.09645345654054921
76,2,0.21081372664208228
76,3,0.33887801570107046
76,4,0.4725953254091486
76,5,0.6012859939199663
76,6,0.7145954603508096
76,7,0.8058007256479023
76,8,0.8733900419148997
76,9,0.9201273242601892
76,10,0.9507773575074174
76,11,0.9701369045284541
76,12,0.9820627368636253
76,13,0.9892927752227745
76,14,0.9936327456699761
76,15,0.9962222192344585
77,1,0.04238996671213226
77,2,0.09274224787771927
77,3,0.15142975280341975
77,4,0.21829379093437093
77,5,0.29245527845137725
77,6,0.372196218268915
77,7,0.4549859098475088
77,8,0.537705911427203
77,9,0.6170647542405979
77,10,0.6901066868599017
77,11,0.7546583040893068
77,12,0.8095711627717427
77,13,0.8547073469020298
77,14,0.8907218150627847
77,15,0.9187553645870468
78,1,0.040815963020429294
78,2,0.08469812200337412
78,3,0.13142756802621358
78,4,0.18067724726694873
78,5,0.23201172752771998
78,6,0.28489514660430376
78,7,0.3387080678801171
78,8,0.39277282532857316
78,9,0.44638562636764273
78,10,0.4988524680767484
78,11,0.5495251124601095
78,12,0.5978331961865975
78,13,0.6433091002792806
78,14,0.6856033600670184
78,15,0.7244898762056803
79,1,0.16658488232510885
79,2,0.33409365294207505
79,3,0.4909728865698235
79,4,0.6273864905485971
79,5,0.7377409416500056
79,6,0.8213899298523115
79,7,0.8814443815831916
79,8,0.9227770941554949
79,9,0.9503589814548689
79,10,0.9683721698609945
79,11,0.9799665977799242
79,12,0.9873586046082995
79,13,0.9920423783659976
79,14,0.9949984612529325
79,15,0.9968594774571601
80,1,0.16216674630117278
80,2,0.33106201666576573
80,3,0.4933733732900095
80,4,0.6362899840417268
80,5,0.7515257983866098
80,6,0.8372110117928743
80,7,0.8967386523508466
80,8,0.9359927765236795
80,9,0.9609354457430027
80,10,0.9763951734589127
80,11,0.9858254462283114
80,12,0.9915207593746515
80,13,0.9949394434289646
80,14,0.9969839781858806
80,15,0.9982039915612421
81,1,0.11864897010861755
81,2,0.26073656846433035
81,3,0.4176018035283544
81,4,0.5739573661952776
81,5,0.7122349855344641
81,6,0.8199084748030441
81,7,0.8942503819150552
81,8,0.9407243487870264
81,9,0.9677626288918503
81,10,0.9827802502249577
81,11,0.9908947619139182
81,12,0.9952119561159491
81,13,0.9974895944297401
81,14,0.9986858277741716
81,15,0.9993126079679003
82,1,0.08576670523467846
82,2,0.1908495021162827
82,3,0.3127768366173615
82,4,0.4448337175360826
82,5,0.5764526845194256
82,6,0.6958301088563784
82,7,0.7939123008638549
82,8,0.8672428345635572
82,9,0.917792238613442
82,10,0.9505076953144779
82,11,0.9707544572565633
82,12,0.9829199064217893
82,13,0.9900954988339793
82,14,0.9942806971278032
82,15,0.9967055603477155
83,1,0.11098965471035434
83,2,0.24833535962897507
83,3,0.40492694518550654
83,4,0.5654202535204572
83,5,0.7099658174126069
83,6,0.8228661500526798
83,7,0.899656803194122
83,8,0.946177543519081
83,9,0.9721119161906763
83,10,0.9858332874654396
83,11,0.9928797217225924
83,12,0.9964409691109805
83,13,0.9982260063997929
83,14,0.9991169967429354
83,15,0.999560794523894
84,1,0.011285560808325537
84,2,0.024554127351334755
84,3,0.04009251828511145
84,4,0.058204369470661016
84,5,0.07920062626114965
84,6,0.1033853444897785
84,7,0.13103605709571509
84,8,0.16237840750095986
84,9,0.1975555639770823
84,10,0.23659416141300496
84,11,0.2793701075512811
84,12,0.3255792929333397
84,13,0.3747195759838027
84,14,0.4260907024203285
84,15,0.4788173867819271
85,1,0.2073981040409101
85,2,0.38804500908031303
85,3,0.5384561980501548
85,4,0.6587660837727126
85,5,0.7517765005646859
85,6,0.821719058578347
85,7,0.873187345974913
85,8,0.9104428581865921
85,9,0.9370833866500368
85,10,0.9559649896743927
85,11,0.9692623821718003
85,12,0.9785847549543444
85,13,0.9850995080042685
85,14,0.9896420051161308
85,15,0.9928043517903065
86,1,0.07678555492572449
86,2,0.1676908651814182
86,3,0.27100818421538053
86,4,0.38276639337038554
86,5,0.4968683693696117
86,6,0.6060867543776973
86,7,0.7037438158782988
86,8,0.7853590714410089
86,9,0.8494364685284224
86,10,0.8971086984346764
86,11,0.9310716433207779
86,12,0.9544848945984459
86,13,0.9702461356661755
86,14,0.9806818915687319
86,15,0.987514372424624
87,1,0.09083510738950246
87,2,0.2085108624623423
87,3,0.3505322108684022
87,4,0.5062638009092154
87,5,0.6573258084759768
87,6,0.7841653752822414
87,7,0.8756885302226954
87,8,0.93323641478314
87,9,0.9657760711121887
87,10,0.9829295511312512
87,11,0.9916099071642113
87,12,0.9959072320085445
87,13,0.998010981884706
87,14,0.9990351478548049
87,15,0.9995323800823853
88,1,0.07903444026773744
88,2,0.18305202619305255
88,3,0.3117806880488877
88,4,0.4582361718151785
88,5,0.6075679686330483
88,6,0.7408812998257168
88,7,0.8437277207705725
88,8,0.9126492087666568
88,9,0.9537569545387276
88,10,0.9763347758649628
88,11,0.9881183892901206
88,12,0.9940946642408728
88,13,0.9970801029773179
88,14,0.9985599951508499
88,15,0.9992907475109151
89,1,0.07177646085123093
89,2,0.14332912028805528
89,3,0.21390009595530657
89,4,0.28276097623120544
89,5,0.3492430084958612
89,6,0.41276282114464946
89,7,0.47284159952967775
89,8,0.5291164961082601
89,9,0.5813440291700562
89,10,0.629396129943116
89,11,0.6732501879784835
89,12,0.7129748396099509
89,13,0.7487133376590331
89,14,0.7806661850078008
89,15,0.8090743952960288
90,1,0.11988240573949692
90,2,0.2510068587466939
90,3,0.38643757037269955
90,4,0.5175523578446769
90,5,0.6360047443692534
90,6,0.7358411482886327
90,7,0.8146967319984497
90,8,0.8735599485573823
90,9,0.915531533365127
90,10,0.9444313675589444
90,11,0.9638333387152012
90,12,0.9766313940308327
90,13,0.9849732899561272
90,14,0.990367807998985
90,15,0.9938383336046335
91,1,0.037061312281398924
91,2,0.09000465921598888
91,3,0.16333201275839784
91,4,0.2604146177570591
91,5,0.3809490676344526
91,6,0.5179177572810775
91,7,0.6565078963280915
91,8,0.7782733663546016
91,9,0.8699281098916001
91,10,0.929460019834938
91,11,0.9637755507123115
91,12,0.9819986700346696
91,13,0.9912130553436398
91,14,0.9957499988696126
91,15,0.9979537156142156
92,1,0.034730549235978236
92,2,0.07558693389346394
92,3,0.12297422312091555
92,4,0.17702182755601242
92,5,0.23746683234209465
92,6,0.3035529011258136
92,7,0.37397766455231035
92,8,0.44692336329399973
92,9,0.5201929305968274
92,10,0.5914447555509147
92,11,0.6584822757001857
92,12,0.7195272025510809
92,13,0.7734051919837273
92,14,0.8196034726889541
92,15,0.8582055370658974
93,1,0.07619385474070216
93,2,0.16600220285836492
93,3,0.26774452193830667
93,4,0.37762970851036815
93,5,0.48989354051329337
93,6,0.5977068076119713
93,7,0.6946996543638038
93,8,0.7764774099986347
93,9,0.8413933604898668
93,10,0.8902969420184064
93,11,0.9256021169731332
93,12,0.95026988948162
93,13,0.9670971317554535
93,14,0.9783832730136757
93,15,0.9858654215581872
94,1,0.03305231775554627
94,2,0.07647668603895984
94,3,0.13233664974573972
94,4,0.2022039914015374
94,5,0.28644014173080645
94,6,0.3833436477921174
94,7,0.4885228529569624
94,8,0.5950600466074354
94,9,0.6948816873068072
94,10,0.7810218750018344
94,11,0.8496095844900715
94,12,0.9004145748847441
94,13,0.9358714892038802
94,14,0.9595197863407636
94,15,0.9747908331194007
95,1,0.052111920919590285
95,2,0.12199458130537227
95,3,0.21217225123311723
95,4,0.32255267761623707
95,5,0.4484806529871964
95,6,0.579804479803813
95,7,0.7027442293791677
95,8,0.8048709022678397
95,9,0.8801752306604174
95,10,0.930160365071233
95,11,0.9607419225433227
95,12,0.9784302700724427
95,13,0.9883070882148025
95,14,0.9937091908623574
95,15,0.9966296267344319
96,1,0.2782900236373301
96,2,0.5405072043918706
96,3,0.7442710501121357
96,4,0.8735978726363993
96,5,0.9425169885827246
96,6,0.9750694305408175
96,7,0.9894355179093228
96,8,0.99556961249181
96,9,0.9981503492404902
96,10,0.9992292444839196
96,11,0.9996790777603879
96,12,0.9998664205684809
96,13,0.9999444070611619
96,14,0.9999768647175197
96,15,0.9999903723647225
97,1,0.08560913463117635
97,2,0.17754904804458405
97,3,0.27343942976425917
97,4,0.3703071276948101
97,5,0.46490387945959943
97,6,0.5541224403758123
97,7,0.6354068678042317
97,8,0.7070443350954074
97,9,0.768268148839235
97,10,0.8191726897069136
97,11,0.8605012666338366
97,12,0.8933901119234687
97,13,0.9191367724417655
97,14,0.9390288209951607
97,15,0.9542391385999467
98,1,0.24545562339166055
98,2,0.46305375311628594
98,3,0.6383341192587091
98,4,0.7674829020600225
98,5,0.8557652443251403
98,6,0.9127553990782395
98,7,0.9480971272672799
98,8,0.9694431587350979
98,9,0.9821243090925867
98,10,0.9895824015706077
98,11,0.9939424182624929
98,12,0.996482281665748
98,13,0.997958776709822
98,14,0.998816068271019
98,15,0.9993134842183662
99,1,0.10980260795226866
99,2,0.2508907776779095
99,3,0.4164826343466447
99,4,0.5883155597629365
99,5,0.7409151904790496
99,6,0.8544815276157486
99,7,0.9255954891758875
99,8,0.9643027098036896
99,9,0.9834860842949285
99,10,0.9925009720616521
99,11,0.9966246409348023
99,12,0.9984869017660094
99,13,0.9993229612392146
99,14,0.9996973086772979
99,15,0.9998647226350629
100,1,0.04684022186268742
100,2,0.10371824651625974
100,3,0.17116892343376583
100,4,0.24885998432218656
100,5,0.335256761261856
100,6,0.4274507714360204
100,7,0.5213200620120962
100,8,0.6121099828102946
100,9,0.6953283595165741
100,10,0.7676393291017253
100,11,0.8273913029993794
100,12,0.8746036138914204
100,13,0.9105242926457693
100,14,0.9370357932022886
100,15,0.9561493156773707
